Iteration,Execution Time (Seconds),Total Time
1,0.09269630000926554,0.09269630000926554
