Iteration,Execution Time (Seconds),Total Time
1,0.0007153999758884311,0.0007153999758884311
