Iteration,Execution Time (Seconds),Total Time
1,0.0007496000034734607,0.0007496000034734607
