Iteration,Execution Time (Seconds),Total Time
1,0.08526560000609607,0.08526560000609607
