Iteration,Execution Time (Seconds),Total Time
1,0.00016990001313388348,0.00016990001313388348
