Iteration,Execution Time (Seconds),Total Time
1,0.09480469999834895,0.09480469999834895
