Iteration,Execution Time (Seconds),Total Time
1,0.07532900001388043,0.07532900001388043
